areaFIPS,areaname,Category,Subcategory,allchildren3to5,atleast1immigparent,allnativebornparents,lowincome,notlowincome,notenrolled,enrolled
1,Alabama,Race and ethnicity,4. Asian,0.010035563,0.089363337,0.002509032,0.006677526,0.014265914,0.007005671,0.012558154
1,Alabama,Race and ethnicity,3. African American,0.295805514,0.051201738,0.317127168,0.406317353,0.166029438,0.265989125,0.320629686
1,Alabama,Race and ethnicity,2. Hispanic,0.084046483,0.681922793,0.027376192,0.120731696,0.041973334,0.111209072,0.061431788
1,Alabama,Race and ethnicity,5. Native American,0.003550879,0,0.003190572,0.002043728,0.004169853,0.003979412,0.003194096
1,Alabama,Race and ethnicity,1. White,0.570419431,0.123433903,0.615943193,0.425469697,0.741839528,0.569901824,0.570850432
1,Alabama,Race and ethnicity,6. Other or multiracial,0.0361421,0.05407824,0.033853836,0.038760003,0.031721946,0.041914884,0.031335868
2,Alaska,Race and ethnicity,4. Asian,0.058025226,0.310841978,0.027996777,0.098959222,0.036075473,0.060262918,0.056000471
2,Alaska,Race and ethnicity,3. African American,0.028286139,0.065167241,0.024142401,0.040180858,0.018918239,0.02954575,0.02714639
2,Alaska,Race and ethnicity,2. Hispanic,0.100129835,0.197808534,0.087669507,0.101347893,0.100729562,0.1172719,0.084619008
2,Alaska,Race and ethnicity,5. Native American,0.158804253,0.01845444,0.172395676,0.244156286,0.104352199,0.125927374,0.188552588
2,Alaska,Race and ethnicity,1. White,0.508192182,0.263840824,0.540838838,0.407097757,0.574239016,0.529415607,0.48898834
2,Alaska,Race and ethnicity,6. Other or multiracial,0.146562383,0.143886968,0.146956801,0.108257979,0.165685534,0.137576461,0.154693201
4,Arizona,Race and ethnicity,4. Asian,0.024961803,0.07941132,0.004443323,0.013525135,0.038612448,0.016586863,0.03319313
4,Arizona,Race and ethnicity,3. African American,0.046352334,0.023003036,0.054040268,0.05353196,0.039398804,0.050194524,0.042576034
4,Arizona,Race and ethnicity,2. Hispanic,0.444687963,0.75680542,0.323331922,0.564402521,0.307813287,0.492869973,0.397332191
4,Arizona,Race and ethnicity,5. Native American,0.053643215,0.001648963,0.07114049,0.079821751,0.024514811,0.049970072,0.057253368
4,Arizona,Race and ethnicity,1. White,0.389075547,0.098030865,0.50554496,0.256025195,0.538255751,0.350972623,0.426525086
4,Arizona,Race and ethnicity,6. Other or multiracial,0.04127913,0.041100409,0.041499056,0.032693442,0.051404901,0.039405957,0.043120183
5,Arkansas,Race and ethnicity,4. Asian,0.018985759,0.141723111,0.003188395,0.014128331,0.026345547,0.0193309,0.018749122
5,Arkansas,Race and ethnicity,3. African American,0.186980963,0.028184401,0.206118628,0.244796783,0.112424858,0.139539167,0.219508082
5,Arkansas,Race and ethnicity,2. Hispanic,0.118367076,0.664700329,0.046650741,0.163034096,0.060924079,0.140277147,0.103345044
5,Arkansas,Race and ethnicity,5. Native American,0.006703799,0,0.00774462,0.006907846,0.006268971,0.007400271,0.006226283
5,Arkansas,Race and ethnicity,1. White,0.631574571,0.117544241,0.70135051,0.536668181,0.753605664,0.65520066,0.615375996
5,Arkansas,Race and ethnicity,6. Other or multiracial,0.037387852,0.047847934,0.034947116,0.034464791,0.040430892,0.038251814,0.036795501
6,California,Race and ethnicity,4. Asian,0.107319348,0.195247084,0.026221421,0.061100967,0.150165856,0.091803305,0.116848089
6,California,Race and ethnicity,3. African American,0.048132718,0.013122894,0.079155862,0.063345358,0.034528129,0.046105765,0.049377516
6,California,Race and ethnicity,2. Hispanic,0.535910368,0.650935113,0.423406959,0.708653033,0.377396256,0.599173367,0.497059226
6,California,Race and ethnicity,5. Native American,0.00309989,0.000669117,0.005063394,0.003195426,0.003043098,0.003125212,0.003084339
6,California,Race and ethnicity,1. White,0.251078844,0.096724331,0.400257111,0.132983565,0.358412236,0.214851961,0.273326546
6,California,Race and ethnicity,6. Other or multiracial,0.054458816,0.043301452,0.065895259,0.030721642,0.076454431,0.044940375,0.060304295
8,Colorado,Race and ethnicity,4. Asian,0.025857907,0.091524899,0.007717855,0.015132769,0.032755043,0.019892251,0.029403614
8,Colorado,Race and ethnicity,3. African American,0.044985805,0.061564431,0.038117524,0.071024083,0.026463021,0.039862204,0.048031036
8,Colorado,Race and ethnicity,2. Hispanic,0.318917394,0.628503561,0.226453304,0.508993983,0.18428655,0.365390599,0.291295916
8,Colorado,Race and ethnicity,5. Native American,0.006372748,0.002398614,0.007334163,0.008541925,0.004997095,0.008469747,0.005126389
8,Colorado,Race and ethnicity,1. White,0.553642094,0.163150176,0.671459675,0.358308733,0.693234801,0.515644431,0.576226175
8,Colorado,Race and ethnicity,6. Other or multiracial,0.05022401,0.052858349,0.048917487,0.037998479,0.058263469,0.050740778,0.049916871
9,Connecticut,Race and ethnicity,4. Asian,0.043938827,0.160632685,0.003691853,0.015832916,0.058098938,0.040360428,0.045201607
9,Connecticut,Race and ethnicity,3. African American,0.126870915,0.15529637,0.113205649,0.237768888,0.072974034,0.104999684,0.134589061
9,Connecticut,Race and ethnicity,2. Hispanic,0.237166822,0.303435057,0.211587951,0.40955478,0.149513185,0.329140842,0.204710066
9,Connecticut,Race and ethnicity,5. Native American,0.001664844,0.000830804,0.001689303,0.000375188,0.002323466,0.000406733,0.00210882
9,Connecticut,Race and ethnicity,1. White,0.540168464,0.303498954,0.628979921,0.292171091,0.664314508,0.484512866,0.559808791
9,Connecticut,Race and ethnicity,6. Other or multiracial,0.050190151,0.07630612,0.040845323,0.044297148,0.052775867,0.040579438,0.053581681
10,Delaware,Race and ethnicity,4. Asian,0.044620566,0.202643797,0.002198621,0.02086331,0.062550157,0.041903008,0.046504769
10,Delaware,Race and ethnicity,3. African American,0.220664233,0.129658282,0.247363523,0.316834539,0.152086675,0.19108054,0.24117589
10,Delaware,Race and ethnicity,2. Hispanic,0.156360686,0.469413579,0.068828024,0.269784182,0.075240768,0.198099837,0.127421096
10,Delaware,Race and ethnicity,5. Native American,0.000145155,0,0.000186324,0.000359712,0,0.000354509,0
10,Delaware,Race and ethnicity,1. White,0.509086668,0.164252564,0.601714194,0.319568336,0.645014048,0.496667624,0.517697394
10,Delaware,Race and ethnicity,6. Other or multiracial,0.069122687,0.034031782,0.079709336,0.072589926,0.065108344,0.071894497,0.067200862
11,District of Columbia,Race and ethnicity,4. Asian,0.021185694,0.059470266,0.007723451,0.013522716,0.028280824,0.022275258,0.020968679
11,District of Columbia,Race and ethnicity,3. African American,0.561310768,0.201732472,0.687449396,0.741414547,0.400148839,0.535401762,0.566471219
11,District of Columbia,Race and ethnicity,2. Hispanic,0.176752999,0.498250872,0.056181874,0.218601033,0.142809883,0.290108711,0.154175252
11,District of Columbia,Race and ethnicity,5. Native American,0.002686751,0,0.003799439,0.000972857,0.004217316,0,0.003221888
11,District of Columbia,Race and ethnicity,1. White,0.189085618,0.148758948,0.211024597,0.013620002,0.342677593,0.123044282,0.202239469
11,District of Columbia,Race and ethnicity,6. Other or multiracial,0.048978154,0.091787443,0.03382124,0.011868859,0.081865542,0.029169982,0.052923467
12,Florida,Race and ethnicity,4. Asian,0.024230696,0.065206364,0.00506727,0.014527362,0.035042897,0.023641838,0.024573727
12,Florida,Race and ethnicity,3. African American,0.207969606,0.173344716,0.220966443,0.285956591,0.122637525,0.185142532,0.221267104
12,Florida,Race and ethnicity,2. Hispanic,0.30587703,0.534684598,0.19824186,0.357068002,0.250176638,0.334533393,0.289183795
12,Florida,Race and ethnicity,5. Native American,0.001572147,0.000943508,0.001906365,0.00131988,0.001734797,0.001276845,0.00174417
12,Florida,Race and ethnicity,1. White,0.412907958,0.182234555,0.524841905,0.298072875,0.537796497,0.406820625,0.416454047
12,Florida,Race and ethnicity,6. Other or multiracial,0.047442548,0.04358628,0.048976164,0.043055288,0.052611656,0.048584763,0.04677717
13,Georgia,Race and ethnicity,4. Asian,0.0329949,0.139205202,0.003861538,0.020262016,0.047584187,0.031661373,0.03377099
13,Georgia,Race and ethnicity,3. African American,0.328496873,0.159146994,0.372003078,0.411770314,0.235386476,0.300240695,0.344941437
13,Georgia,Race and ethnicity,2. Hispanic,0.158880338,0.538749278,0.053206153,0.225039169,0.083823897,0.211495131,0.128259525
13,Georgia,Race and ethnicity,5. Native American,0.001671704,0.000896385,0.001603077,0.001916309,0.001443934,0.002766278,0.001034682
13,Georgia,Race and ethnicity,1. White,0.437126935,0.115257353,0.530372322,0.303044766,0.586989462,0.41279164,0.451289624
13,Georgia,Race and ethnicity,6. Other or multiracial,0.040829241,0.046744797,0.038953844,0.03796744,0.044772051,0.041044895,0.040703733
15,Hawaii,Race and ethnicity,4. Asian,0.314605087,0.550421536,0.205164328,0.323363155,0.307206184,0.336709708,0.30030477
15,Hawaii,Race and ethnicity,3. African American,0.023169739,0.010848965,0.028883409,0.012897206,0.029082071,0.023603128,0.022889363
15,Hawaii,Race and ethnicity,2. Hispanic,0.201476797,0.142735764,0.226217255,0.250974149,0.177723765,0.201827943,0.201249614
15,Hawaii,Race and ethnicity,5. Native American,0,0,0,0,0,0,0
15,Hawaii,Race and ethnicity,1. White,0.13764897,0.069145806,0.171187043,0.136929914,0.138690308,0.145434842,0.132612005
15,Hawaii,Race and ethnicity,6. Other or multiracial,0.323099405,0.226847917,0.368547976,0.275835574,0.347297698,0.292424381,0.342944235
16,Idaho,Race and ethnicity,4. Asian,0.006793199,0.04190341,0.001325381,0.003481357,0.010626806,0.00511812,0.008794121
16,Idaho,Race and ethnicity,3. African American,0.006203082,0.021306818,0.003911491,0.003135879,0.009750971,0.00521897,0.007378629
16,Idaho,Race and ethnicity,2. Hispanic,0.193448335,0.712256491,0.107469007,0.273831367,0.107756987,0.217179745,0.165100589
16,Idaho,Race and ethnicity,5. Native American,0.011980732,0,0.013124505,0.018522948,0.005050653,0.007790636,0.016985904
16,Idaho,Race and ethnicity,1. White,0.740966439,0.151785716,0.840760291,0.658614337,0.827460349,0.725613296,0.759306133
16,Idaho,Race and ethnicity,6. Other or multiracial,0.040608231,0.072747566,0.033409301,0.042414095,0.039354216,0.039079241,0.042434648
17,Illinois,Race and ethnicity,4. Asian,0.042954013,0.13395004,0.007664005,0.022746503,0.05852123,0.038598832,0.045321077
17,Illinois,Race and ethnicity,3. African American,0.153340027,0.035760678,0.195771232,0.252660125,0.079359487,0.144336894,0.15823327
17,Illinois,Race and ethnicity,2. Hispanic,0.258556753,0.5715608,0.132455587,0.364965081,0.178520948,0.321983188,0.224084124
17,Illinois,Race and ethnicity,5. Native American,0.00049203,0.000897067,0.000344767,0.000378163,0.000588631,0.000729774,0.000362815
17,Illinois,Race and ethnicity,1. White,0.502003968,0.209691197,0.623404026,0.32392022,0.635020375,0.458071917,0.52588129
17,Illinois,Race and ethnicity,6. Other or multiracial,0.042653218,0.048140202,0.040360365,0.035329875,0.047989313,0.036279395,0.046117421
18,Indiana,Race and ethnicity,4. Asian,0.019682674,0.152409792,0.003303566,0.015537388,0.023486743,0.014998532,0.023825496
18,Indiana,Race and ethnicity,3. African American,0.107366651,0.055513501,0.111863635,0.165048853,0.05443434,0.104304634,0.110074803
18,Indiana,Race and ethnicity,2. Hispanic,0.11420697,0.600266755,0.055023119,0.161730811,0.067209043,0.13486445,0.095936753
18,Indiana,Race and ethnicity,5. Native American,0.000811499,0,0.000923953,0.000845464,0.000812796,0.00025283,0.001305605
18,Indiana,Race and ethnicity,1. White,0.705291986,0.130781159,0.776795685,0.589224339,0.813969374,0.691677809,0.71733284
18,Indiana,Race and ethnicity,6. Other or multiracial,0.052640241,0.061028801,0.052090008,0.067613162,0.040087722,0.053901739,0.051524527
19,Iowa,Race and ethnicity,4. Asian,0.028280674,0.220499858,0.001838149,0.028963573,0.027129786,0.043376748,0.018904824
19,Iowa,Race and ethnicity,3. African American,0.053664342,0.10605026,0.046104539,0.098853484,0.023926577,0.064154744,0.047148976
19,Iowa,Race and ethnicity,2. Hispanic,0.107985228,0.478352904,0.055804309,0.165820077,0.071403705,0.12942335,0.09467046
19,Iowa,Race and ethnicity,5. Native American,0.001222815,0.004506965,0.000782391,0.001223229,0.00125343,0.000492674,0.00167629
19,Iowa,Race and ethnicity,1. White,0.765252352,0.149276152,0.851505876,0.642920792,0.84515965,0.720246792,0.793204367
19,Iowa,Race and ethnicity,6. Other or multiracial,0.043594584,0.041313849,0.043964744,0.062218811,0.031126833,0.042305715,0.044395071
20,Kansas,Race and ethnicity,4. Asian,0.022842396,0.128099173,0.004800443,0.01678453,0.028042916,0.022081526,0.023368655
20,Kansas,Race and ethnicity,3. African American,0.068111725,0.052414093,0.070785061,0.096914269,0.044853866,0.068628602,0.067754231
20,Kansas,Race and ethnicity,2. Hispanic,0.192854062,0.624945641,0.114647552,0.302546918,0.102034777,0.202563807,0.186138287
20,Kansas,Race and ethnicity,5. Native American,0.00451415,0.001087429,0.005077208,0.005636199,0.003655198,0.003243835,0.005392767
20,Kansas,Race and ethnicity,1. White,0.65757978,0.139952153,0.750691891,0.516456664,0.774783552,0.636866391,0.671906233
20,Kansas,Race and ethnicity,6. Other or multiracial,0.054097891,0.053501524,0.053997826,0.061661437,0.046629671,0.066615857,0.045439802
21,Kentucky,Race and ethnicity,4. Asian,0.016079953,0.147112414,0.003862754,0.012236604,0.020603111,0.012114227,0.019292004
21,Kentucky,Race and ethnicity,3. African American,0.093241952,0.105831228,0.091014147,0.141611308,0.041757558,0.081508517,0.102745481
21,Kentucky,Race and ethnicity,2. Hispanic,0.062577717,0.449957937,0.026783889,0.088646896,0.033379678,0.067396596,0.05867466
21,Kentucky,Race and ethnicity,5. Native American,0.000332372,0,0.00022985,0.000102733,0.000323609,0.00017928,0.00045637
21,Kentucky,Race and ethnicity,1. White,0.778783202,0.215797588,0.831973374,0.701367497,0.861687064,0.789435267,0.770155489
21,Kentucky,Race and ethnicity,6. Other or multiracial,0.048984833,0.08130081,0.046135969,0.056034975,0.042248964,0.049366117,0.04867601
22,Louisiana,Race and ethnicity,4. Asian,0.017810671,0.193367481,0.003668579,0.010322345,0.025529433,0.017817877,0.017806573
22,Louisiana,Race and ethnicity,3. African American,0.37937808,0.069717526,0.401942194,0.547763646,0.202993557,0.361294359,0.389662981
22,Louisiana,Race and ethnicity,2. Hispanic,0.071360976,0.530739427,0.033681639,0.089149371,0.05317552,0.085613765,0.063254885
22,Louisiana,Race and ethnicity,5. Native American,0.002849296,0,0.003146118,0.003254885,0.002516226,0.004979359,0.00163785
22,Louisiana,Race and ethnicity,1. White,0.487985641,0.130919412,0.520006835,0.304022461,0.680298924,0.480302453,0.492355347
22,Louisiana,Race and ethnicity,6. Other or multiracial,0.040615324,0.075256161,0.037554659,0.04548727,0.035486344,0.049992196,0.035282347
23,Maine,Race and ethnicity,4. Asian,0.011847829,0.153282121,0.001410916,0.01003478,0.013844608,0.00744992,0.015240528
23,Maine,Race and ethnicity,3. African American,0.030256422,0.297835201,0.010163823,0.053138718,0.011966634,0.033662602,0.027628778
23,Maine,Race and ethnicity,2. Hispanic,0.024056138,0.013268156,0.025161341,0.037003249,0.015023802,0.025881574,0.022647936
23,Maine,Race and ethnicity,5. Native American,0.007930595,0,0.008622266,0.014767091,0.003100843,0.007836212,0.008003405
23,Maine,Race and ethnicity,1. White,0.886063755,0.406075418,0.921014786,0.84149611,0.918286264,0.884167552,0.887526631
23,Maine,Race and ethnicity,6. Other or multiracial,0.039845232,0.129539102,0.03362684,0.043560065,0.037777875,0.041002151,0.038952745
24,Maryland,Race and ethnicity,4. Asian,0.051064629,0.164536893,0.006589174,0.029860971,0.062138692,0.042223852,0.056501351
24,Maryland,Race and ethnicity,3. African American,0.321145207,0.257676601,0.343757927,0.44701457,0.2598131,0.315556884,0.324581772
24,Maryland,Race and ethnicity,2. Hispanic,0.153843477,0.377770811,0.062256545,0.230949029,0.112108335,0.203997985,0.12300045
24,Maryland,Race and ethnicity,5. Native American,0.000527518,0.000518053,0.000520198,0,0.000772114,0.000652592,0.000450603
24,Maryland,Race and ethnicity,1. White,0.407461971,0.136546314,0.51990068,0.236510172,0.49344033,0.373294115,0.42847386
24,Maryland,Race and ethnicity,6. Other or multiracial,0.065957204,0.062951334,0.066975482,0.055665255,0.071727425,0.064274594,0.066991948
25,Massachusetts,Race and ethnicity,4. Asian,0.064793259,0.186049193,0.009664373,0.048214208,0.072657995,0.065315597,0.064552158
25,Massachusetts,Race and ethnicity,3. African American,0.085663676,0.156899571,0.052794307,0.151562661,0.055550482,0.089469783,0.083906829
25,Massachusetts,Race and ethnicity,2. Hispanic,0.183390245,0.264990091,0.144628525,0.362609267,0.100929104,0.23547183,0.159350023
25,Massachusetts,Race and ethnicity,5. Native American,0.000565379,0.001415592,0.000194454,0.0000988575,0.000789477,0.000139862,0.000761792
25,Massachusetts,Race and ethnicity,1. White,0.606174111,0.305825591,0.745472431,0.365278423,0.717301965,0.547462225,0.633274794
25,Massachusetts,Race and ethnicity,6. Other or multiracial,0.059413332,0.084819943,0.047245882,0.072236583,0.052770998,0.062140729,0.058154397
26,Michigan,Race and ethnicity,4. Asian,0.02713209,0.196696058,0.002525894,0.013584851,0.040405095,0.023694342,0.02932273
26,Michigan,Race and ethnicity,3. African American,0.158735588,0.042661011,0.17209053,0.247469485,0.079408951,0.162475482,0.156352416
26,Michigan,Race and ethnicity,2. Hispanic,0.087958068,0.268333524,0.060364243,0.120029785,0.058258507,0.093767703,0.084255986
26,Michigan,Race and ethnicity,5. Native American,0.004992734,0.002232392,0.00527272,0.00665924,0.003368465,0.003987797,0.005633112
26,Michigan,Race and ethnicity,1. White,0.66054213,0.420180827,0.700889349,0.538169563,0.769361794,0.654231131,0.664563715
26,Michigan,Race and ethnicity,6. Other or multiracial,0.060639385,0.069896191,0.058857281,0.074087076,0.049197175,0.061843541,0.059872065
27,Minnesota,Race and ethnicity,4. Asian,0.061809305,0.253976911,0.013846399,0.07704366,0.054729853,0.063548051,0.060567778
27,Minnesota,Race and ethnicity,3. African American,0.082930379,0.215926602,0.047817416,0.17523548,0.034526285,0.092127211,0.076363519
27,Minnesota,Race and ethnicity,2. Hispanic,0.098746538,0.298902363,0.047888424,0.175139219,0.057947539,0.104298145,0.094782494
27,Minnesota,Race and ethnicity,5. Native American,0.011943101,0.000308196,0.013710302,0.022330698,0.005858962,0.012317436,0.011675813
27,Minnesota,Race and ethnicity,1. White,0.683601737,0.14836064,0.821026385,0.46938467,0.795673251,0.667406678,0.695165515
27,Minnesota,Race and ethnicity,6. Other or multiracial,0.060968969,0.082525305,0.05571105,0.080866277,0.051264092,0.06030247,0.061444871
28,Mississippi,Race and ethnicity,4. Asian,0.006770176,0.145872951,0.000768652,0.002264052,0.013973071,0.009460118,0.005173994
28,Mississippi,Race and ethnicity,3. African American,0.43369326,0.068276912,0.448625624,0.569369495,0.224281013,0.328691453,0.496000201
28,Mississippi,Race and ethnicity,2. Hispanic,0.044924337,0.550019026,0.022641825,0.05711465,0.026664767,0.061522506,0.035075162
28,Mississippi,Race and ethnicity,5. Native American,0.005611601,0.003233169,0.004545075,0.006278794,0.004413619,0.00586231,0.005462834
28,Mississippi,Race and ethnicity,1. White,0.482629269,0.1662229,0.499557197,0.333763331,0.710836768,0.56451714,0.434037864
28,Mississippi,Race and ethnicity,6. Other or multiracial,0.026371375,0.066375047,0.023861643,0.031209689,0.019830778,0.029946456,0.02424996
29,Missouri,Race and ethnicity,4. Asian,0.016801681,0.181184292,0.00239876,0.009871427,0.023369502,0.012263699,0.020265283
29,Missouri,Race and ethnicity,3. African American,0.130839914,0.105181292,0.132066146,0.198342204,0.068374373,0.122118533,0.137496486
29,Missouri,Race and ethnicity,2. Hispanic,0.070003413,0.375777721,0.041138738,0.08926671,0.053328708,0.071837358,0.06860365
29,Missouri,Race and ethnicity,5. Native American,0.001847192,0.003808196,0.001578384,0.002844629,0.000809262,0.002372976,0.001445889
29,Missouri,Race and ethnicity,1. White,0.728285789,0.260620028,0.77207458,0.636791766,0.810137272,0.738025427,0.720852017
29,Missouri,Race and ethnicity,6. Other or multiracial,0.052222025,0.073428452,0.050743375,0.06288325,0.043980908,0.053381991,0.051336687
30,Montana,Race and ethnicity,4. Asian,0.00180139,0,0.000559344,0.003487266,0.000253203,0.00215645,0.001485742
30,Montana,Race and ethnicity,3. African American,0.003019232,0,0.002583635,0.001162422,0.004912138,0.005229393,0.001054397
30,Montana,Race and ethnicity,2. Hispanic,0.047571927,0,0.043548904,0.057592731,0.039752875,0.05331824,0.042463455
30,Montana,Race and ethnicity,5. Native American,0.100979351,0,0.099563181,0.155553207,0.047095761,0.096285515,0.105152167
30,Montana,Race and ethnicity,1. White,0.793119192,0,0.807852149,0.705537379,0.874664485,0.804733396,0.782794178
30,Montana,Race and ethnicity,6. Other or multiracial,0.053508904,0,0.04589282,0.076667018,0.033321518,0.038276996,0.067050084
31,Nebraska,Race and ethnicity,4. Asian,0.022914521,0.137196675,0.002392753,0.02587346,0.021264536,0.0189052,0.025860336
31,Nebraska,Race and ethnicity,3. African American,0.049961381,0.073222466,0.039837789,0.092370093,0.0192469,0.053159479,0.047611605
31,Nebraska,Race and ethnicity,2. Hispanic,0.179312557,0.608942807,0.098631158,0.301170766,0.090861693,0.189416736,0.171888605
31,Nebraska,Race and ethnicity,5. Native American,0.010980948,0.001951468,0.011559796,0.020127216,0.004125955,0.010425215,0.011389268
31,Nebraska,Race and ethnicity,1. White,0.68816942,0.126845405,0.798340619,0.505485058,0.821767807,0.673171043,0.699189365
31,Nebraska,Race and ethnicity,6. Other or multiracial,0.048661172,0.051841166,0.049237892,0.05497342,0.042733107,0.054922342,0.044060834
32,Nevada,Race and ethnicity,4. Asian,0.052461587,0.106070727,0.022577805,0.038438231,0.066361107,0.049756229,0.055409018
32,Nevada,Race and ethnicity,3. African American,0.091542244,0.031553939,0.120002203,0.120768763,0.060645279,0.093735389,0.089152858
32,Nevada,Race and ethnicity,2. Hispanic,0.403464943,0.692305803,0.245384008,0.512561679,0.288739115,0.432411671,0.371928036
32,Nevada,Race and ethnicity,5. Native American,0.008061637,0.000866187,0.010910542,0.008414856,0.007854768,0.006545114,0.009713859
32,Nevada,Race and ethnicity,1. White,0.378026366,0.11369317,0.528480232,0.269708246,0.492585599,0.345488548,0.413475692
32,Nevada,Race and ethnicity,6. Other or multiracial,0.066443212,0.055510186,0.072645225,0.050108217,0.083814144,0.072063044,0.060320523
33,New Hampshire,Race and ethnicity,4. Asian,0.031562086,0.255446732,0.001155759,0.0096067,0.040554605,0.019749794,0.038526338
33,New Hampshire,Race and ethnicity,3. African American,0.014815338,0.094543271,0.003279129,0.040561624,0.004230033,0.017908173,0.012991875
33,New Hampshire,Race and ethnicity,2. Hispanic,0.065879971,0.221467122,0.045101464,0.122095414,0.042736765,0.070616625,0.063087352
33,New Hampshire,Race and ethnicity,5. Native American,0,0,0,0,0,0,0
33,New Hampshire,Race and ethnicity,1. White,0.836395323,0.335398763,0.904394567,0.771656156,0.8636989,0.827332199,0.84173876
33,New Hampshire,Race and ethnicity,6. Other or multiracial,0.051347278,0.093144111,0.046069078,0.056080136,0.04877967,0.064393215,0.043655697
34,New Jersey,Race and ethnicity,4. Asian,0.094916925,0.237015307,0.007707892,0.04327184,0.123001151,0.097160541,0.094087988
34,New Jersey,Race and ethnicity,3. African American,0.130726978,0.090857185,0.152528092,0.206223607,0.090835445,0.105141304,0.140179962
34,New Jersey,Race and ethnicity,2. Hispanic,0.269790113,0.395503938,0.187124446,0.439724386,0.180036828,0.32474038,0.249488011
34,New Jersey,Race and ethnicity,5. Native American,0.001528496,0.002093411,0.00116411,0.002151589,0.001228999,0.000957247,0.001739552
34,New Jersey,Race and ethnicity,1. White,0.453591079,0.218111172,0.606922269,0.258164048,0.555788279,0.42268008,0.465011567
34,New Jersey,Race and ethnicity,6. Other or multiracial,0.049446408,0.056419,0.044553205,0.050464548,0.049109321,0.049320467,0.04949294
35,New Mexico,Race and ethnicity,4. Asian,0.008516156,0.032430165,0.002793296,0.00731807,0.010293261,0.00934651,0.007816033
35,New Mexico,Race and ethnicity,3. African American,0.014801056,0.002997243,0.013491026,0.009505315,0.021557584,0.010776578,0.018194346
35,New Mexico,Race and ethnicity,2. Hispanic,0.605943799,0.876573563,0.541245699,0.66516763,0.525316954,0.645777464,0.572357535
35,New Mexico,Race and ethnicity,5. Native American,0.101516321,0.002637574,0.12287531,0.12473426,0.06950032,0.094537653,0.107400469
35,New Mexico,Race and ethnicity,1. White,0.242809743,0.0628222,0.291706294,0.168397382,0.344366461,0.213488594,0.267532229
35,New Mexico,Race and ethnicity,6. Other or multiracial,0.026412934,0.022539264,0.027888387,0.024877351,0.028965402,0.026073189,0.026699396
36,New York,Race and ethnicity,4. Asian,0.07481157,0.187501684,0.009422231,0.078399189,0.072990648,0.080064781,0.072430462
36,New York,Race and ethnicity,3. African American,0.15455772,0.162320763,0.143774748,0.204599544,0.116381377,0.149715468,0.156752557
36,New York,Race and ethnicity,2. Hispanic,0.256590217,0.374930114,0.180512756,0.348712415,0.182972252,0.302116543,0.235954642
36,New York,Race and ethnicity,5. Native American,0.002183173,0.001276204,0.002683576,0.002921469,0.001530326,0.002505679,0.002036992
36,New York,Race and ethnicity,1. White,0.466149598,0.217097268,0.624358833,0.327588201,0.574551642,0.424561948,0.484999865
36,New York,Race and ethnicity,6. Other or multiracial,0.045707736,0.056873955,0.039247867,0.037779167,0.051573757,0.041035559,0.047825474
37,North Carolina,Race and ethnicity,4. Asian,0.027797354,0.119329773,0.0052055,0.020194244,0.037213642,0.024784321,0.030128209
37,North Carolina,Race and ethnicity,3. African American,0.231758565,0.067662857,0.271023035,0.305620968,0.14758566,0.235864013,0.228582621
37,North Carolina,Race and ethnicity,2. Hispanic,0.17300047,0.630253673,0.05828492,0.25482589,0.078791641,0.202132985,0.15046382
37,North Carolina,Race and ethnicity,5. Native American,0.010221201,0.001479625,0.012439812,0.011876007,0.008478338,0.012491635,0.008464814
37,North Carolina,Race and ethnicity,1. White,0.501312137,0.132886335,0.596844018,0.350211352,0.674249768,0.465005934,0.529398322
37,North Carolina,Race and ethnicity,6. Other or multiracial,0.055910256,0.048387744,0.056202721,0.057271536,0.053680964,0.059721109,0.052962217
38,North Dakota,Race and ethnicity,4. Asian,0.013912193,0,0.003143007,0.030217763,0.007576138,0.008455751,0.019108715
38,North Dakota,Race and ethnicity,3. African American,0.016603747,0,0.00886777,0.044409104,0.005619387,0.015120029,0.018016789
38,North Dakota,Race and ethnicity,2. Hispanic,0.056557607,0,0.042692509,0.091142647,0.043801114,0.065352917,0.048181258
38,North Dakota,Race and ethnicity,5. Native American,0.106683448,0,0.110903241,0.229141176,0.053233657,0.125474736,0.08878728
38,North Dakota,Race and ethnicity,1. White,0.758424222,0,0.790915191,0.573525786,0.8343786,0.729845941,0.785641193
38,North Dakota,Race and ethnicity,6. Other or multiracial,0.047818791,0,0.043478262,0.031563494,0.055391099,0.055750627,0.040264793
39,Ohio,Race and ethnicity,4. Asian,0.015802173,0.173639581,0.001244166,0.008399996,0.023278283,0.009974832,0.020055305
39,Ohio,Race and ethnicity,3. African American,0.149687171,0.214867562,0.142853156,0.244555205,0.061742786,0.138924673,0.157542259
39,Ohio,Race and ethnicity,2. Hispanic,0.063096307,0.240967527,0.046392173,0.085630745,0.041267697,0.065904558,0.061046686
39,Ohio,Race and ethnicity,5. Native American,0.000481634,0.000942037,0.000446884,0.000728546,0.000267619,0.000831689,0.000226143
39,Ohio,Race and ethnicity,1. White,0.710655093,0.27360633,0.752372801,0.5829916,0.829422653,0.72131896,0.702872038
39,Ohio,Race and ethnicity,6. Other or multiracial,0.060277604,0.095976949,0.056690823,0.077693932,0.044020992,0.063045286,0.058257587
40,Oklahoma,Race and ethnicity,4. Asian,0.019164126,0.12266618,0.003111257,0.013375028,0.026638819,0.019475084,0.018947061
40,Oklahoma,Race and ethnicity,3. African American,0.079808541,0.030964723,0.086453676,0.110853449,0.044155493,0.073864825,0.083957598
40,Oklahoma,Race and ethnicity,2. Hispanic,0.17228052,0.675856709,0.093235925,0.241570339,0.092676684,0.185857773,0.16280283
40,Oklahoma,Race and ethnicity,5. Native American,0.083329238,0.006972797,0.092698,0.099082954,0.066320822,0.087361373,0.080514573
40,Oklahoma,Race and ethnicity,1. White,0.531059504,0.116427362,0.598916888,0.412822217,0.664690435,0.510851026,0.545166194
40,Oklahoma,Race and ethnicity,6. Other or multiracial,0.114358045,0.047112253,0.125584275,0.122296005,0.105517752,0.122589901,0.108611733
41,Oregon,Race and ethnicity,4. Asian,0.036002483,0.122597598,0.010130299,0.030372001,0.04206742,0.036705136,0.035398345
41,Oregon,Race and ethnicity,3. African American,0.02203949,0.022258811,0.022086622,0.035331003,0.010798557,0.021799805,0.022245571
41,Oregon,Race and ethnicity,2. Hispanic,0.221950218,0.588037848,0.114342079,0.31916979,0.136987403,0.246828094,0.200560361
41,Oregon,Race and ethnicity,5. Native American,0.010147929,0.000379951,0.012369242,0.015917039,0.004735268,0.009610018,0.010610424
41,Oregon,Race and ethnicity,1. White,0.639772892,0.195136622,0.771361709,0.535994232,0.728748322,0.620426953,0.656406462
41,Oregon,Race and ethnicity,6. Other or multiracial,0.070086971,0.07158915,0.069710039,0.063215964,0.076663047,0.064630009,0.07477884
42,Pennsylvania,Race and ethnicity,4. Asian,0.032784197,0.237416297,0.004456628,0.025321443,0.038668182,0.024974754,0.038422491
42,Pennsylvania,Race and ethnicity,3. African American,0.130834043,0.138815746,0.127150699,0.206193581,0.076109119,0.116235763,0.141373754
42,Pennsylvania,Race and ethnicity,2. Hispanic,0.121045671,0.283575356,0.096735664,0.199748322,0.061801929,0.150500044,0.099780098
42,Pennsylvania,Race and ethnicity,5. Native American,0.001199644,0.001561207,0.001168089,0.001433496,0.001059347,0.002030556,0.000599739
42,Pennsylvania,Race and ethnicity,1. White,0.664598227,0.260138452,0.725146532,0.501657844,0.783917129,0.656570017,0.67039448
42,Pennsylvania,Race and ethnicity,6. Other or multiracial,0.04953824,0.078492962,0.045342375,0.065645345,0.038444318,0.049688902,0.049429465
44,Rhode Island,Race and ethnicity,4. Asian,0.034434151,0.105695039,0.009986119,0.038564503,0.031936895,0.037903894,0.031955816
44,Rhode Island,Race and ethnicity,3. African American,0.078217596,0.156399265,0.053863358,0.122060634,0.049636863,0.081745371,0.075697802
44,Rhode Island,Race and ethnicity,2. Hispanic,0.223491162,0.44690752,0.14551203,0.398596346,0.106488384,0.301712245,0.167620078
44,Rhode Island,Race and ethnicity,5. Native American,0.002732869,0,0.003662862,0.005498879,0.000913857,0.002485501,0.002909557
44,Rhode Island,Race and ethnicity,1. White,0.597290158,0.21334967,0.726788998,0.361044794,0.755615413,0.509458721,0.660025656
44,Rhode Island,Race and ethnicity,6. Other or multiracial,0.063834071,0.077648498,0.060186613,0.074234858,0.05540859,0.066694282,0.061791103
45,South Carolina,Race and ethnicity,4. Asian,0.013759716,0.1011879,0.00271729,0.012860846,0.015047897,0.012671903,0.014557901
45,South Carolina,Race and ethnicity,3. African American,0.315187871,0.058529314,0.346005768,0.42662394,0.176941246,0.279722422,0.341210693
45,South Carolina,Race and ethnicity,2. Hispanic,0.100029588,0.555090666,0.040140383,0.140311822,0.051285189,0.120872416,0.084736124
45,South Carolina,Race and ethnicity,5. Native American,0.001721309,0.000384745,0.0018074,0.002295166,0.000831916,0.000571952,0.002564653
45,South Carolina,Race and ethnicity,1. White,0.521556735,0.226999477,0.562485278,0.363902569,0.71750325,0.52780956,0.516968668
45,South Carolina,Race and ethnicity,6. Other or multiracial,0.047744814,0.057807915,0.046843857,0.05400566,0.038390487,0.058351763,0.039961949
46,South Dakota,Race and ethnicity,4. Asian,0.012410475,0,0.003357415,0.018293908,0.008443909,0.012860022,0.012025573
46,South Dakota,Race and ethnicity,3. African American,0.022142038,0,0.007793999,0.041010521,0.006610374,0.015704634,0.027653744
46,South Dakota,Race and ethnicity,2. Hispanic,0.073287413,0,0.05425822,0.115794413,0.045597106,0.072833948,0.073675662
46,South Dakota,Race and ethnicity,5. Native American,0.1191843,0,0.120087534,0.231186762,0.035416164,0.099324405,0.136188343
46,South Dakota,Race and ethnicity,1. White,0.724755347,0,0.767469049,0.526502728,0.867551267,0.749377728,0.703673661
46,South Dakota,Race and ethnicity,6. Other or multiracial,0.048220437,0,0.047033783,0.067211688,0.036381181,0.049899254,0.046783034
47,Tennessee,Race and ethnicity,4. Asian,0.017341362,0.112906381,0.003951638,0.009482333,0.027125666,0.018404005,0.016434286
47,Tennessee,Race and ethnicity,3. African American,0.196729556,0.064401589,0.214053959,0.266802102,0.116313308,0.181744963,0.209520504
47,Tennessee,Race and ethnicity,2. Hispanic,0.106345475,0.585477889,0.038180675,0.161656901,0.04316128,0.134145707,0.082614996
47,Tennessee,Race and ethnicity,5. Native American,0.00191441,0,0.002218463,0.002601082,0.001049059,0.002130534,0.001729925
47,Tennessee,Race and ethnicity,1. White,0.633043528,0.175711766,0.700003684,0.513432682,0.769057155,0.620479107,0.643768549
47,Tennessee,Race and ethnicity,6. Other or multiracial,0.044625692,0.061502378,0.041591562,0.046024915,0.043293517,0.043095682,0.045931719
48,Texas,Race and ethnicity,4. Asian,0.036073498,0.100858517,0.004026171,0.018466743,0.055299666,0.030281637,0.040474705
48,Texas,Race and ethnicity,3. African American,0.114751078,0.039343763,0.151158944,0.141550407,0.086194143,0.105623215,0.121687301
48,Texas,Race and ethnicity,2. Hispanic,0.502774358,0.760635257,0.370999485,0.646906793,0.349451244,0.540987611,0.473736256
48,Texas,Race and ethnicity,5. Native American,0.001688519,0.00064195,0.002208225,0.00147534,0.001895282,0.001920076,0.00151256
48,Texas,Race and ethnicity,1. White,0.313937962,0.07353694,0.437939942,0.168604761,0.468102098,0.293783069,0.329253554
48,Texas,Race and ethnicity,6. Other or multiracial,0.03077459,0.024983577,0.033667251,0.022995956,0.039057579,0.027404377,0.0333356
49,Utah,Race and ethnicity,4. Asian,0.02293261,0.080621243,0.011579233,0.027629219,0.019291634,0.024445398,0.021688731
49,Utah,Race and ethnicity,3. African American,0.00977752,0.025376946,0.006818623,0.011219907,0.009025129,0.006283097,0.012650779
49,Utah,Race and ethnicity,2. Hispanic,0.176931769,0.666186035,0.083135948,0.285099894,0.097028531,0.207184777,0.152056485
49,Utah,Race and ethnicity,5. Native American,0.011230585,0,0.013412029,0.023503087,0.002415648,0.011235151,0.011226831
49,Utah,Race and ethnicity,1. White,0.743569374,0.156793281,0.856770098,0.616634667,0.836384594,0.713582397,0.768225968
49,Utah,Race and ethnicity,6. Other or multiracial,0.035558138,0.071022496,0.028284084,0.035913225,0.035854481,0.037269216,0.034151223
50,Vermont,Race and ethnicity,4. Asian,0.006286694,0,0,0.004068776,0.007900281,0,0.009871105
50,Vermont,Race and ethnicity,3. African American,0.02441939,0,0.009400638,0.048956554,0.008514747,0.032908857,0.019579051
50,Vermont,Race and ethnicity,2. Hispanic,0.021925494,0,0.017889699,0.022181388,0.022208568,0.035055086,0.014439549
50,Vermont,Race and ethnicity,5. Native American,0.000155868,0,0.000170921,0,0.000263343,0.000429246,0
50,Vermont,Race and ethnicity,1. White,0.908713043,0,0.939721942,0.875180483,0.929248571,0.906567454,0.909936368
50,Vermont,Race and ethnicity,6. Other or multiracial,0.038499508,0,0.032816771,0.049612809,0.031864468,0.025039347,0.046173926
51,Virginia,Race and ethnicity,4. Asian,0.060113031,0.244845837,0.006108039,0.030011103,0.077655882,0.049403541,0.067045264
51,Virginia,Race and ethnicity,3. African American,0.204483896,0.112873703,0.227815717,0.339878142,0.125789866,0.218009979,0.195728496
51,Virginia,Race and ethnicity,2. Hispanic,0.132464975,0.367751181,0.062120587,0.181229293,0.104309708,0.170059249,0.108130276
51,Virginia,Race and ethnicity,5. Native American,0.001205178,0.000312159,0.001489563,0.00058571,0.001444171,0.00181601,0.000809789
51,Virginia,Race and ethnicity,1. White,0.531946719,0.193708584,0.635140359,0.387145847,0.61576426,0.482808441,0.563753843
51,Virginia,Race and ethnicity,6. Other or multiracial,0.069786176,0.080508538,0.067325734,0.061149914,0.075036101,0.077902794,0.06453231
53,Washington,Race and ethnicity,4. Asian,0.063928895,0.186834991,0.015134917,0.038242124,0.082198665,0.057051126,0.069915749
53,Washington,Race and ethnicity,3. African American,0.036419366,0.051709212,0.028603174,0.053966831,0.024058912,0.037913423,0.035118844
53,Washington,Race and ethnicity,2. Hispanic,0.222625047,0.455195546,0.131261006,0.355003566,0.130888283,0.269005895,0.182252213
53,Washington,Race and ethnicity,5. Native American,0.012579238,0.002024157,0.014433986,0.020231849,0.006968225,0.009592459,0.015179122
53,Washington,Race and ethnicity,1. White,0.567014217,0.218648881,0.709253848,0.438015401,0.656433225,0.532794535,0.596801162
53,Washington,Race and ethnicity,6. Other or multiracial,0.097433247,0.085587204,0.101313077,0.094540238,0.099452719,0.09364254,0.10073293
54,West Virginia,Race and ethnicity,4. Asian,0.009285803,0,0.000929247,0.008811807,0.010155413,0.003879449,0.014396557
54,West Virginia,Race and ethnicity,3. African American,0.036395364,0,0.03638735,0.052652884,0.02057039,0.025328631,0.046857003
54,West Virginia,Race and ethnicity,2. Hispanic,0.032843076,0,0.028138246,0.038796861,0.025534539,0.026643155,0.038704008
54,West Virginia,Race and ethnicity,5. Native American,0.000825751,0,0.000864036,0.000778428,0.000908471,0.001282462,0.000394011
54,West Virginia,Race and ethnicity,1. White,0.872662961,0,0.890218437,0.838616252,0.908568859,0.894228935,0.852276146
54,West Virginia,Race and ethnicity,6. Other or multiracial,0.047987036,0,0.043462668,0.060343754,0.034262355,0.048637383,0.047372248
55,Wisconsin,Race and ethnicity,4. Asian,0.035458826,0.23427622,0.008670536,0.040192194,0.032542761,0.035238668,0.035605315
55,Wisconsin,Race and ethnicity,3. African American,0.090118349,0.033514347,0.094268225,0.166427568,0.036742344,0.071264796,0.102662884
55,Wisconsin,Race and ethnicity,2. Hispanic,0.118831486,0.477913767,0.071993001,0.208407342,0.057048384,0.132535845,0.109713063
55,Wisconsin,Race and ethnicity,5. Native American,0.009137681,0.000324202,0.00948141,0.014835816,0.004778838,0.008604118,0.009492695
55,Wisconsin,Race and ethnicity,1. White,0.697808802,0.181188196,0.769971132,0.51067996,0.827422798,0.697419941,0.698067546
55,Wisconsin,Race and ethnicity,6. Other or multiracial,0.048644848,0.072783269,0.04561571,0.05945712,0.041464865,0.054936655,0.044458486
56,Wyoming,Race and ethnicity,4. Asian,0.00631667,0,0.003266491,0.007973944,0.002967359,0.005251098,0.007147644
56,Wyoming,Race and ethnicity,3. African American,0.007278812,0,0.006306143,0.007187781,0.00627976,0.003532557,0.010200283
56,Wyoming,Race and ethnicity,2. Hispanic,0.149006486,0,0.104936033,0.230570525,0.094127387,0.155146077,0.144218594
56,Wyoming,Race and ethnicity,5. Native American,0.0206233,0,0.019145269,0.032794248,0.010765303,0.012316211,0.027101481
56,Wyoming,Race and ethnicity,1. White,0.778247237,0,0.828055501,0.664645076,0.857635796,0.798166871,0.762713134
56,Wyoming,Race and ethnicity,6. Other or multiracial,0.038527504,0,0.038290538,0.056828391,0.028224416,0.025587168,0.048618868
100,United States,Race and ethnicity,4. Asian,0.046110887,0.158908337,0.008079466,0.029535949,0.061185941,0.039976079,0.050177962
100,United States,Race and ethnicity,3. African American,0.137707219,0.077933058,0.155709237,0.199491739,0.084101245,0.125953645,0.145499244
100,United States,Race and ethnicity,2. Hispanic,0.257921875,0.554780841,0.155214205,0.356497854,0.171615675,0.29130426,0.235791028
100,United States,Race and ethnicity,5. Native American,0.007485999,0.001033828,0.009289209,0.010571512,0.004687095,0.008082053,0.007090845
100,United States,Race and ethnicity,1. White,0.498804867,0.154775634,0.619999051,0.355490178,0.623170078,0.483530313,0.50893116
100,United States,Race and ethnicity,6. Other or multiracial,0.051969144,0.05256829,0.051708806,0.048412755,0.055240005,0.051153656,0.052509774